{"cameraMode":{"drawMode":0,"name":"Shaded","section":"Shading Mode"},"sceneLighting":false,"audioPlay":false,"sceneViewState":{"m_AlwaysRefresh":false,"showFog":true,"showSkybox":false,"showFlares":true,"showImageEffects":true,"showParticleSystems":true,"showVisualEffectGraphs":true,"m_FxEnabled":true},"in2DMode":false,"pivot":{"x":-45.831077575683597,"y":-19.957761764526368,"z":2.9951705932617189},"rotation":{"x":0.27568933367729189,"y":-0.32336583733558657,"z":0.09907340258359909,"w":0.899791955947876},"size":108.74877166748047,"orthographic":false}